file_path,file_size,commits_count
.dockerignore,360,2
.editorconfig,87,1
.eslintignore,42,4
.eslintrc.json,3113,42
.github/FUNDING.yml,615,4
.github/ISSUE_TEMPLATE/bug_report.yaml,4227,35
.github/ISSUE_TEMPLATE/config.yml,236,2
.github/labeler.yml,312,3
.github/pull_request_template.md,1547,20
.github/workflows/ci-failure-comment.yml,1222,1
.github/workflows/labeler.yml,267,2
.github/workflows/monkey-ci.yml,4954,16
.github/workflows/pretty-fix.yml,1274,9
.github/workflows/publish-docker-images.yml,3013,2
.github/workflows/semantic-pr-title.yml,1673,2
.github/workflows/stale-pr.yml,328,2
.gitignore,2051,61
.husky/commit-msg,268,2
.husky/pre-commit,72,1
.husky/pre-push,474,3
.npmrc,35,2
.nvmrc,7,5
.prettierignore,193,14
.prettierrc,219,3
.release-it-fe.json,676,8
.release-it.json,705,13
.vscode/extensions.json,119,3
CODE_OF_CONDUCT.md,5478,8
CONTRIBUTING.md,5007,88
CONTRIBUTING_ADVANCED.md,9529,29
CONTRIBUTING_BASIC.md,6796,5
LANGUAGES.md,3688,9
LICENSE,35149,1
QUOTES.md,2063,5
README.md,2860,62
SECURITY.md,955,5
SELF_HOSTING.md,6689,5
THEMES.md,3068,9
backend/.gitignore,56,6
backend/__migration__/testActivity.ts,6411,4
backend/__tests__/__migration__/testActivity.spec.ts,2075,1
backend/__tests__/__testData__/users.ts,910,1
backend/__tests__/api/controllers/leaderboard.spec.ts,861,2
backend/__tests__/api/controllers/result.spec.ts,7505,3
backend/__tests__/api/controllers/user.spec.ts,19598,13
backend/__tests__/dal/ape-keys.spec.ts,532,1
backend/__tests__/dal/blocklist.spec.ts,10678,1
backend/__tests__/dal/leaderboards.spec.ts,10855,8
backend/__tests__/dal/public.spec.ts,1089,3
backend/__tests__/dal/result.spec.ts,3606,8
backend/__tests__/dal/user.spec.ts,20619,23
backend/__tests__/global-setup.ts,306,1
backend/__tests__/middlewares/auth.spec.ts,7545,5
backend/__tests__/services/weeky-xp-leaderboard.spec.ts,740,1
backend/__tests__/setup-tests.ts,2244,5
backend/__tests__/tsconfig.json,630,5
backend/__tests__/utils/daily-leaderboards.spec.ts,1802,7
backend/__tests__/utils/misc.spec.ts,14364,12
backend/__tests__/utils/monkey-mail.spec.ts,527,2
backend/__tests__/utils/pb.spec.ts,2795,2
backend/__tests__/utils/validation.spec.ts,4115,4
backend/docker/compose.db-only.yml,454,3
backend/docker/compose.yml,940,2
backend/email-templates/reset-password.html,4194,1
backend/email-templates/verification.html,4158,1
backend/example.env,697,10
backend/knip.json,59,1
backend/package-lock.json,338748,50
backend/package.json,2454,57
backend/private/index.html,4591,1
backend/private/script.js,7673,5
backend/private/style.css,3274,4
backend/redis-scripts/add-result-increment.lua,699,1
backend/redis-scripts/add-result.lua,1349,1
backend/redis-scripts/get-results.lua,710,2
backend/redis-scripts/purge-results.lua,667,1
backend/src/anticheat/index.ts,303,4
backend/src/api/controllers/admin.ts,2460,2
backend/src/api/controllers/ape-key.ts,2449,3
backend/src/api/controllers/config.ts,607,1
backend/src/api/controllers/configuration.ts,1011,1
backend/src/api/controllers/leaderboard.ts,5321,8
backend/src/api/controllers/preset.ts,1185,2
backend/src/api/controllers/psa.ts,253,4
backend/src/api/controllers/public.ts,673,2
backend/src/api/controllers/quote.ts,4675,5
backend/src/api/controllers/result.ts,23020,85
backend/src/api/controllers/user.ts,28825,98
backend/src/api/controllers/webhooks.ts,506,2
backend/src/api/routes/admin.ts,2143,8
backend/src/api/routes/ape-keys.ts,2107,4
backend/src/api/routes/configs.ts,712,2
backend/src/api/routes/configuration.ts,984,6
backend/src/api/routes/index.ts,3886,15
backend/src/api/routes/leaderboards.ts,3374,7
backend/src/api/routes/presets.ts,1672,4
backend/src/api/routes/psas.ts,329,2
backend/src/api/routes/public.ts,924,2
backend/src/api/routes/quotes.ts,4181,16
backend/src/api/routes/results.ts,2007,9
backend/src/api/routes/swagger.ts,1232,8
backend/src/api/routes/users.ts,15104,44
backend/src/api/routes/webhooks.ts,470,1
backend/src/api/schemas/config-schema.ts,5148,35
backend/src/api/schemas/filter-schema.ts,2310,4
backend/src/api/schemas/result-schema.ts,3165,21
backend/src/app.ts,758,2
backend/src/constants/auto-roles.ts,653,1
backend/src/constants/base-configuration.ts,14966,34
backend/src/constants/funbox-list.ts,8103,9
backend/src/constants/homoglyphs.ts,926,1
backend/src/constants/monkey-status-codes.ts,1617,5
backend/src/constants/profanities.ts,5112,17
backend/src/credentials/.gitkeep,0,1
backend/src/dal/admin-uids.ts,229,1
backend/src/dal/ape-keys.ts,2489,3
backend/src/dal/blocklist.ts,2836,1
backend/src/dal/config.ts,1267,6
backend/src/dal/leaderboards.ts,7899,30
backend/src/dal/new-quotes.ts,5426,13
backend/src/dal/preset.ts,2114,7
backend/src/dal/psa.ts,197,2
backend/src/dal/public.ts,1632,4
backend/src/dal/quote-ratings.ts,1243,2
backend/src/dal/report.ts,1731,5
backend/src/dal/result.ts,3369,11
backend/src/dal/user.ts,26053,90
backend/src/documentation/internal-swagger.json,24776,2
backend/src/documentation/public-swagger.json,20459,12
backend/src/init/configuration.ts,3635,6
backend/src/init/db.ts,1880,3
backend/src/init/email-client.ts,3754,6
backend/src/init/firebase-admin.ts,1522,3
backend/src/init/redis.ts,2073,5
backend/src/jobs/delete-old-logs.ts,791,4
backend/src/jobs/index.ts,306,5
backend/src/jobs/log-collection-sizes.ts,609,3
backend/src/jobs/log-queue-sizes.ts,1027,4
backend/src/jobs/update-leaderboards.ts,2023,7
backend/src/middlewares/ape-rate-limit.ts,1351,5
backend/src/middlewares/api-utils.ts,5299,11
backend/src/middlewares/auth.ts,8721,32
backend/src/middlewares/context.ts,461,1
backend/src/middlewares/error.ts,3343,12
backend/src/middlewares/rate-limit.ts,13274,26
backend/src/queues/email-queue.ts,1441,3
backend/src/queues/george-queue.ts,3176,5
backend/src/queues/index.ts,177,3
backend/src/queues/later-queue.ts,2863,7
backend/src/queues/monkey-queue.ts,1445,6
backend/src/server.ts,2772,14
backend/src/services/weekly-xp-leaderboard.ts,6319,9
backend/src/types/types.d.ts,2678,64
backend/src/utils/auth.ts,2232,14
backend/src/utils/captcha.ts,884,6
backend/src/utils/daily-leaderboards.ts,7055,19
backend/src/utils/discord.ts,1823,6
backend/src/utils/error.ts,817,4
backend/src/utils/logger.ts,2840,6
backend/src/utils/misc.ts,7956,25
backend/src/utils/monkey-mail.ts,397,5
backend/src/utils/monkey-response.ts,940,3
backend/src/utils/pb.ts,5847,15
backend/src/utils/prometheus.ts,8125,24
backend/src/utils/result.ts,2059,6
backend/src/utils/validation.ts,7515,17
backend/src/version.ts,1023,3
backend/src/workers/email-worker.ts,1249,4
backend/src/workers/index.ts,128,2
backend/src/workers/later-worker.ts,5818,7
backend/tsconfig.json,973,18
backend/vitest.config.js,303,3
bin/buildChangelog.mjs,12800,12
bin/deployBackend.sh,257,1
bin/install.cmd,77,2
bin/install.sh,65,3
bin/purgeCfCache.sh,505,1
commitlint.config.js,4189,2
docker/backend-configuration.json,235,1
docker/backend/Dockerfile,872,3
docker/backend/applyConfig.sh,509,1
docker/backend/entry-point.sh,42,1
docker/docker-compose.yml,2788,3
docker/example.env,774,2
docker/frontend/Dockerfile,849,3
docker/frontend/firebase-config-live.ts,597,1
docker/frontend/updateConfig.sh,792,1
docker/serviceAccountKey-example.json,457,1
example.env,154,2
frontend/.eslintignore,19,2
frontend/.firebaserc_example,66,1
frontend/__tests__/elements/test-activity-calendar.spec.ts,22262,2
frontend/__tests__/setup-tests.ts,334,4
frontend/__tests__/test/config.spec.ts,1547,3
frontend/__tests__/test/lazy-mode.spec.ts,1423,3
frontend/__tests__/test/misc.spec.ts,1800,2
frontend/__tests__/tsconfig.json,631,5
frontend/__tests__/utils/format.spec.ts,10901,4
frontend/__tests__/utils/numbers.spec.ts,2382,1
frontend/__tests__/vitest.d.ts,642,1
frontend/docker/compose.dev.yml,622,2
frontend/firebase.json,2470,15
frontend/gulpfile.js,942,31
frontend/knip.json,64,1
frontend/package-lock.json,558083,78
frontend/package.json,2844,86
frontend/scripts/fill-colors.js,1630,1
frontend/scripts/fix-quote-lengths.cjs,695,1
frontend/scripts/fontawesome.mjs,4034,2
frontend/scripts/json-validation.cjs,18549,2
frontend/src/404.html,5086,2
frontend/src/email-handler.html,18129,4
frontend/src/html/footer.html,2608,3
frontend/src/html/head.html,3349,1
frontend/src/html/header.html,6258,4
frontend/src/html/pages/404.html,367,2
frontend/src/html/pages/about.html,8761,5
frontend/src/html/pages/account.html,22487,10
frontend/src/html/pages/loading.html,331,1
frontend/src/html/pages/login.html,2358,5
frontend/src/html/pages/profile.html,5275,4
frontend/src/html/pages/settings.html,62419,9
frontend/src/html/pages/test.html,15130,16
frontend/src/html/popups.html,39052,44
frontend/src/html/warnings.html,4313,1
frontend/src/index.html,2657,7
frontend/src/privacy-policy.html,22154,4
frontend/src/security-policy.html,9541,2
frontend/src/styles/404.scss,920,5
frontend/src/styles/about.scss,1838,11
frontend/src/styles/account.scss,12401,25
frontend/src/styles/ads.scss,1594,9
frontend/src/styles/animations.scss,1513,5
frontend/src/styles/banners.scss,1346,13
frontend/src/styles/buttons.scss,3133,6
frontend/src/styles/caret.scss,1326,7
frontend/src/styles/commandline.scss,2467,16
frontend/src/styles/core.scss,7964,67
frontend/src/styles/fontawesome-5.scss,1712,2
frontend/src/styles/fontawesome-6.scss,2069,2
frontend/src/styles/fonts.scss,5183,8
frontend/src/styles/footer.scss,2031,18
frontend/src/styles/index.scss,318,9
frontend/src/styles/inputs.scss,7354,25
frontend/src/styles/keymap.scss,10148,10
frontend/src/styles/leaderboards.scss,5419,14
frontend/src/styles/login.scss,965,7
frontend/src/styles/media-queries-blue.scss,4349,7
frontend/src/styles/media-queries-brown.scss,1281,4
frontend/src/styles/media-queries-green.scss,5797,6
frontend/src/styles/media-queries-orange.scss,382,3
frontend/src/styles/media-queries-purple.scss,5365,7
frontend/src/styles/media-queries-yellow.scss,1216,4
frontend/src/styles/media-queries.scss,22469,2
frontend/src/styles/monkey.scss,745,2
frontend/src/styles/nav.scss,6312,46
frontend/src/styles/notifications.scss,1530,9
frontend/src/styles/popups.scss,32782,113
frontend/src/styles/profile.scss,10889,27
frontend/src/styles/scroll.scss,478,2
frontend/src/styles/settings.scss,9088,34
frontend/src/styles/test.scss,24824,95
frontend/src/terms-of-service.html,20144,3
frontend/src/ts/account/all-time-stats.ts,1206,5
frontend/src/ts/account/mini-result-chart.ts,2399,8
frontend/src/ts/account/pb-tables.ts,4764,18
frontend/src/ts/account/result-filters.ts,27251,39
frontend/src/ts/ape/adapters/axios-adapter.ts,3580,10
frontend/src/ts/ape/endpoints/ape-keys.ts,970,6
frontend/src/ts/ape/endpoints/configs.ts,447,6
frontend/src/ts/ape/endpoints/configuration.ts,246,2
frontend/src/ts/ape/endpoints/index.ts,474,4
frontend/src/ts/ape/endpoints/leaderboards.ts,1357,10
frontend/src/ts/ape/endpoints/presets.ts,1099,5
frontend/src/ts/ape/endpoints/psas.ts,259,5
frontend/src/ts/ape/endpoints/public.ts,603,4
frontend/src/ts/ape/endpoints/quotes.ts,2240,6
frontend/src/ts/ape/endpoints/results.ts,912,8
frontend/src/ts/ape/endpoints/users.ts,7855,28
frontend/src/ts/ape/index.ts,835,5
frontend/src/ts/ape/server-configuration.ts,439,5
frontend/src/ts/ape/types/ape-keys.d.ts,348,2
frontend/src/ts/ape/types/ape.d.ts,1073,10
frontend/src/ts/ape/types/configs.d.ts,306,3
frontend/src/ts/ape/types/leaderboards.d.ts,608,2
frontend/src/ts/ape/types/presets.d.ts,332,1
frontend/src/ts/ape/types/quotes.d.ts,964,2
frontend/src/ts/ape/types/results.d.ts,306,1
frontend/src/ts/ape/types/users.d.ts,471,1
frontend/src/ts/ape/utils.ts,1516,6
frontend/src/ts/commandline/commandline.ts,18114,23
frontend/src/ts/commandline/lists.ts,19169,12
frontend/src/ts/commandline/lists/add-or-remove-theme-to-favorites.ts,1027,1
frontend/src/ts/commandline/lists/always-show-decimal.ts,774,1
frontend/src/ts/commandline/lists/background-filter.ts,2373,4
frontend/src/ts/commandline/lists/background-size.ts,1046,1
frontend/src/ts/commandline/lists/bail-out.ts,1710,6
frontend/src/ts/commandline/lists/blind-mode.ts,674,1
frontend/src/ts/commandline/lists/british-english.ts,823,1
frontend/src/ts/commandline/lists/caps-lock-warning.ts,723,1
frontend/src/ts/commandline/lists/caret-style.ts,1665,1
frontend/src/ts/commandline/lists/colorful-mode.ts,698,1
frontend/src/ts/commandline/lists/confidence-mode.ts,968,1
frontend/src/ts/commandline/lists/custom-theme.ts,682,2
frontend/src/ts/commandline/lists/custom-themes-list.ts,1393,11
frontend/src/ts/commandline/lists/difficulty.ts,884,1
frontend/src/ts/commandline/lists/enable-ads.ts,990,2
frontend/src/ts/commandline/lists/flip-test-colors.ts,713,1
frontend/src/ts/commandline/lists/font-family.ts,1316,5
frontend/src/ts/commandline/lists/font-size.ts,455,5
frontend/src/ts/commandline/lists/freedom-mode.ts,692,2
frontend/src/ts/commandline/lists/funbox.ts,1777,4
frontend/src/ts/commandline/lists/hide-extra-letters.ts,732,1
frontend/src/ts/commandline/lists/highlight-mode.ts,1543,2
frontend/src/ts/commandline/lists/indicate-typos.ts,911,1
frontend/src/ts/commandline/lists/key-tips.ts,661,1
frontend/src/ts/commandline/lists/keymap-layouts.ts,1367,4
frontend/src/ts/commandline/lists/keymap-legend-style.ts,1204,1
frontend/src/ts/commandline/lists/keymap-mode.ts,1088,1
frontend/src/ts/commandline/lists/keymap-show-top-row.ts,974,1
frontend/src/ts/commandline/lists/keymap-style.ts,1701,2
frontend/src/ts/commandline/lists/languages.ts,928,4
frontend/src/ts/commandline/lists/layouts.ts,1271,2
frontend/src/ts/commandline/lists/lazy-mode.ts,772,1
frontend/src/ts/commandline/lists/live-acc-style.ts,908,1
frontend/src/ts/commandline/lists/live-burst-style.ts,928,1
frontend/src/ts/commandline/lists/live-speed-style.ts,928,1
frontend/src/ts/commandline/lists/load-challenge.ts,1001,6
frontend/src/ts/commandline/lists/max-line-width.ts,497,1
frontend/src/ts/commandline/lists/min-acc.ts,852,3
frontend/src/ts/commandline/lists/min-burst.ts,1466,4
frontend/src/ts/commandline/lists/min-wpm.ts,1040,5
frontend/src/ts/commandline/lists/mode.ts,1606,1
frontend/src/ts/commandline/lists/monkey-power-level.ts,1138,1
frontend/src/ts/commandline/lists/navigation.ts,1385,6
frontend/src/ts/commandline/lists/numbers.ts,770,1
frontend/src/ts/commandline/lists/opposite-shift-mode.ts,1119,2
frontend/src/ts/commandline/lists/out-of-focus-warning.ts,757,1
frontend/src/ts/commandline/lists/pace-caret-style.ts,1746,2
frontend/src/ts/commandline/lists/pace-caret.ts,1953,5
frontend/src/ts/commandline/lists/presets.ts,1497,10
frontend/src/ts/commandline/lists/punctuation.ts,848,1
frontend/src/ts/commandline/lists/quick-end.ts,669,1
frontend/src/ts/commandline/lists/quick-restart.ts,1083,2
frontend/src/ts/commandline/lists/quote-favorites.ts,2194,2
frontend/src/ts/commandline/lists/quote-length.ts,2429,3
frontend/src/ts/commandline/lists/random-theme.ts,1672,3
frontend/src/ts/commandline/lists/repeat-quotes.ts,713,1
frontend/src/ts/commandline/lists/repeated-pace.ts,697,1
frontend/src/ts/commandline/lists/result-saving.ts,819,3
frontend/src/ts/commandline/lists/result-screen.ts,3067,6
frontend/src/ts/commandline/lists/show-all-lines.ts,701,1
frontend/src/ts/commandline/lists/show-average.ts,1053,2
frontend/src/ts/commandline/lists/show-words-history.ts,777,1
frontend/src/ts/commandline/lists/single-list-commandline.ts,769,1
frontend/src/ts/commandline/lists/smooth-caret.ts,1067,2
frontend/src/ts/commandline/lists/smooth-line-scroll.ts,733,1
frontend/src/ts/commandline/lists/sound-on-click.ts,5273,5
frontend/src/ts/commandline/lists/sound-on-error.ts,1502,4
frontend/src/ts/commandline/lists/sound-volume.ts,1070,2
frontend/src/ts/commandline/lists/start-graphs-at-zero.ts,743,1
frontend/src/ts/commandline/lists/stop-on-error.ts,961,1
frontend/src/ts/commandline/lists/strict-space.ts,686,1
frontend/src/ts/commandline/lists/tags.ts,2663,13
frontend/src/ts/commandline/lists/tape-mode.ts,846,1
frontend/src/ts/commandline/lists/themes.ts,2087,7
frontend/src/ts/commandline/lists/time.ts,1811,3
frontend/src/ts/commandline/lists/timer-color.ts,1178,3
frontend/src/ts/commandline/lists/timer-opacity.ts,1172,3
frontend/src/ts/commandline/lists/timer-style.ts,1068,3
frontend/src/ts/commandline/lists/typing-speed-unit.ts,1292,1
frontend/src/ts/commandline/lists/words.ts,2099,3
frontend/src/ts/config-validation.ts,4065,9
frontend/src/ts/config.ts,53589,83
frontend/src/ts/constants/default-config.ts,2234,21
frontend/src/ts/constants/default-snapshot.ts,869,13
frontend/src/ts/constants/env-config.ts,487,4
frontend/src/ts/constants/firebase-config-example.ts,466,1
frontend/src/ts/constants/ignored-keys.ts,157,1
frontend/src/ts/constants/modifier-keys.ts,223,1
frontend/src/ts/controllers/account-controller.ts,19828,108
frontend/src/ts/controllers/ad-controller.ts,8098,37
frontend/src/ts/controllers/analytics-controller.ts,1435,7
frontend/src/ts/controllers/badge-controller.ts,3980,25
frontend/src/ts/controllers/captcha-controller.ts,860,5
frontend/src/ts/controllers/challenge-controller.ts,12863,21
frontend/src/ts/controllers/chart-controller.ts,33752,37
frontend/src/ts/controllers/eg-ad-controller.ts,2281,4
frontend/src/ts/controllers/input-controller.ts,42094,134
frontend/src/ts/controllers/page-controller.ts,2894,18
frontend/src/ts/controllers/preset-controller.ts,941,7
frontend/src/ts/controllers/profile-search-controller.ts,2006,4
frontend/src/ts/controllers/pw-ad-controller.ts,6323,19
frontend/src/ts/controllers/quotes-controller.ts,6651,13
frontend/src/ts/controllers/route-controller.ts,4204,31
frontend/src/ts/controllers/sound-controller.ts,18949,16
frontend/src/ts/controllers/tag-controller.ts,1828,3
frontend/src/ts/controllers/theme-controller.ts,12844,43
frontend/src/ts/controllers/user-flag-controller.ts,2021,1
frontend/src/ts/db.ts,28712,65
frontend/src/ts/elements/account-button.ts,11975,43
frontend/src/ts/elements/alerts.ts,12060,43
frontend/src/ts/elements/custom-background-filter.ts,4189,10
frontend/src/ts/elements/fps-counter.ts,1257,4
frontend/src/ts/elements/input-indicator.ts,2232,7
frontend/src/ts/elements/keymap.ts,10367,20
frontend/src/ts/elements/last-10-average.ts,877,6
frontend/src/ts/elements/leaderboards.ts,25125,85
frontend/src/ts/elements/loader.ts,504,2
frontend/src/ts/elements/modes-notice.ts,8655,36
frontend/src/ts/elements/monkey-power.ts,6482,5
frontend/src/ts/elements/no-css.ts,1931,3
frontend/src/ts/elements/notifications.ts,9729,27
frontend/src/ts/elements/profile.ts,14107,54
frontend/src/ts/elements/psa.ts,2890,21
frontend/src/ts/elements/result-batches.ts,3471,2
frontend/src/ts/elements/result-word-highlight.ts,17678,7
frontend/src/ts/elements/scroll-to-top.ts,633,4
frontend/src/ts/elements/sign-in-out-button.ts,391,1
frontend/src/ts/elements/test-activity-calendar.ts,5874,2
frontend/src/ts/elements/test-activity.ts,3101,2
frontend/src/ts/elements/theme-colors.ts,1604,1
frontend/src/ts/elements/version-button.ts,597,2
frontend/src/ts/event-handlers/about.ts,365,3
frontend/src/ts/event-handlers/account.ts,1565,4
frontend/src/ts/event-handlers/footer.ts,2075,8
frontend/src/ts/event-handlers/global.ts,1877,4
frontend/src/ts/event-handlers/keymap.ts,197,1
frontend/src/ts/event-handlers/settings.ts,4234,6
frontend/src/ts/event-handlers/test.ts,2702,10
frontend/src/ts/firebase.ts,1270,12
frontend/src/ts/index.ts,2317,47
frontend/src/ts/modals/ape-keys.ts,4005,3
frontend/src/ts/modals/contact.ts,175,2
frontend/src/ts/modals/cookies.ts,3293,2
frontend/src/ts/modals/custom-test-duration.ts,3374,2
frontend/src/ts/modals/custom-text.ts,17698,8
frontend/src/ts/modals/custom-word-amount.ts,1629,6
frontend/src/ts/modals/edit-preset.ts,5362,2
frontend/src/ts/modals/edit-profile.ts,4853,2
frontend/src/ts/modals/edit-result-tags.ts,4032,3
frontend/src/ts/modals/edit-tag.ts,5642,3
frontend/src/ts/modals/google-sign-up.ts,6435,4
frontend/src/ts/modals/import-export-settings.ts,1679,4
frontend/src/ts/modals/mobile-test-config.ts,5605,7
frontend/src/ts/modals/new-filter-preset.ts,1013,2
frontend/src/ts/modals/pb-tables.ts,2751,4
frontend/src/ts/modals/quote-approve.ts,7538,5
frontend/src/ts/modals/quote-rate.ts,6280,2
frontend/src/ts/modals/quote-report.ts,3916,4
frontend/src/ts/modals/quote-search.ts,13064,3
frontend/src/ts/modals/quote-submit.ts,3434,5
frontend/src/ts/modals/register-captcha.ts,1079,3
frontend/src/ts/modals/save-custom-text.ts,3332,2
frontend/src/ts/modals/saved-texts.ts,3777,1
frontend/src/ts/modals/share-custom-theme.ts,2520,8
frontend/src/ts/modals/simple-modals.ts,43559,4
frontend/src/ts/modals/streak-hour-offset.ts,3139,3
frontend/src/ts/modals/support.ts,546,5
frontend/src/ts/modals/user-report.ts,3975,3
frontend/src/ts/modals/version-history.ts,2027,4
frontend/src/ts/modals/word-filter.ts,9544,4
frontend/src/ts/observables/banner-event.ts,376,1
frontend/src/ts/observables/config-event.ts,726,3
frontend/src/ts/observables/connection-event.ts,593,1
frontend/src/ts/observables/google-sign-up-event.ts,564,1
frontend/src/ts/observables/keymap-event.ts,774,1
frontend/src/ts/observables/notification-event.ts,529,1
frontend/src/ts/observables/timer-event.ts,481,1
frontend/src/ts/observables/tts-event.ts,416,1
frontend/src/ts/pages/404.ts,366,5
frontend/src/ts/pages/about.ts,6434,19
frontend/src/ts/pages/account.ts,42013,85
frontend/src/ts/pages/loading.ts,1240,11
frontend/src/ts/pages/login.ts,9159,26
frontend/src/ts/pages/page.ts,1021,7
frontend/src/ts/pages/profile-search.ts,535,6
frontend/src/ts/pages/profile.ts,8250,28
frontend/src/ts/pages/settings.ts,40618,64
frontend/src/ts/pages/test.ts,1135,17
frontend/src/ts/popups/share-test-settings-popup.ts,3544,10
frontend/src/ts/popups/video-ad-popup.ts,1984,10
frontend/src/ts/ready.ts,2592,71
frontend/src/ts/settings/settings-group.ts,3572,11
frontend/src/ts/settings/theme-picker.ts,15596,29
frontend/src/ts/states/active-page.ts,204,3
frontend/src/ts/states/arabic-lazy-mode.ts,236,2
frontend/src/ts/states/composition.ts,420,2
frontend/src/ts/states/connection.ts,1391,6
frontend/src/ts/states/custom-text-name.ts,441,1
frontend/src/ts/states/glarses-mode.ts,319,1
frontend/src/ts/states/page-transition.ts,145,1
frontend/src/ts/states/slow-timer.ts,320,1
frontend/src/ts/states/time.ts,177,1
frontend/src/ts/states/version.ts,1116,1
frontend/src/ts/test/british-english.ts,1529,9
frontend/src/ts/test/caps-warning.ts,906,7
frontend/src/ts/test/caret.ts,6137,25
frontend/src/ts/test/custom-text.ts,4301,13
frontend/src/ts/test/english-punctuation.ts,2189,4
frontend/src/ts/test/focus.ts,2183,18
frontend/src/ts/test/funbox/funbox-list.ts,7205,16
frontend/src/ts/test/funbox/funbox-memory.ts,796,6
frontend/src/ts/test/funbox/funbox-validation.ts,10408,15
frontend/src/ts/test/funbox/funbox.ts,21922,30
frontend/src/ts/test/funbox/layoutfluid-funbox-timer.ts,817,4
frontend/src/ts/test/funbox/memory-funbox-timer.ts,1115,2
frontend/src/ts/test/ip-addresses.ts,1639,3
frontend/src/ts/test/layout-emulator.ts,4807,13
frontend/src/ts/test/lazy-mode.ts,2048,16
frontend/src/ts/test/live-acc.ts,1619,8
frontend/src/ts/test/live-burst.ts,1669,14
frontend/src/ts/test/live-speed.ts,1871,1
frontend/src/ts/test/manual-restart-tracker.ts,172,1
frontend/src/ts/test/monkey.ts,2871,4
frontend/src/ts/test/out-of-focus.ts,585,2
frontend/src/ts/test/pace-caret.ts,8704,22
frontend/src/ts/test/pb-crown.ts,850,3
frontend/src/ts/test/poetry.ts,1399,6
frontend/src/ts/test/practise-words.ts,4975,20
frontend/src/ts/test/replay.ts,9060,11
frontend/src/ts/test/result.ts,31626,70
frontend/src/ts/test/shift-tracker.ts,6416,10
frontend/src/ts/test/test-config.ts,8025,30
frontend/src/ts/test/test-input.ts,9415,43
frontend/src/ts/test/test-logic.ts,42692,232
frontend/src/ts/test/test-state.ts,799,5
frontend/src/ts/test/test-stats.ts,11254,36
frontend/src/ts/test/test-timer.ts,7762,17
frontend/src/ts/test/test-ui.ts,52366,150
frontend/src/ts/test/test-words.ts,2130,8
frontend/src/ts/test/timer-progress.ts,5684,15
frontend/src/ts/test/today-tracker.ts,1342,4
frontend/src/ts/test/tts.ts,1227,5
frontend/src/ts/test/weak-spot.ts,2019,7
frontend/src/ts/test/wikipedia.ts,6084,12
frontend/src/ts/test/words-generator.ts,25273,43
frontend/src/ts/test/wordset.ts,1868,8
frontend/src/ts/types/types.d.ts,10507,98
frontend/src/ts/ui.ts,3227,28
frontend/src/ts/utils/animated-modal.ts,14479,15
frontend/src/ts/utils/arrays.ts,3661,2
frontend/src/ts/utils/async-modules.ts,872,2
frontend/src/ts/utils/colors.ts,5252,1
frontend/src/ts/utils/config.ts,505,3
frontend/src/ts/utils/date-and-time.ts,4939,1
frontend/src/ts/utils/ddr.ts,1796,1
frontend/src/ts/utils/format.ts,2775,4
frontend/src/ts/utils/generate.ts,3601,2
frontend/src/ts/utils/json-data.ts,10535,1
frontend/src/ts/utils/levels.ts,1830,2
frontend/src/ts/utils/logger.ts,1260,5
frontend/src/ts/utils/misc.ts,16946,100
frontend/src/ts/utils/numbers.ts,5725,3
frontend/src/ts/utils/search-service.ts,5314,4
frontend/src/ts/utils/skeleton.ts,882,2
frontend/src/ts/utils/strings.ts,4302,3
frontend/src/ts/utils/typing-speed-units.ts,1285,8
frontend/src/ts/utils/typo-list.ts,1990,3
frontend/src/ts/utils/url-handler.ts,6488,23
frontend/static/.well-known/security.txt,253,4
frontend/static/about/contributors.json,12207,9
frontend/static/about/supporters.json,1332,18
frontend/static/challenges/_list.json,14333,11
frontend/static/challenges/beepboop.txt,461,2
frontend/static/challenges/bees.txt,50578,1
frontend/static/challenges/crosstalk.txt,114778,1
frontend/static/challenges/episode4.txt,61458,1
frontend/static/challenges/episode5.txt,42065,1
frontend/static/challenges/episode6.txt,37171,1
frontend/static/challenges/jolly.txt,521,1
frontend/static/challenges/littlechef.txt,55068,1
frontend/static/challenges/navyseal.txt,1516,1
frontend/static/challenges/pokemon.txt,6846,1
frontend/static/challenges/rapgod.txt,7855,1
frontend/static/challenges/shrek.txt,48993,1
frontend/static/challenges/sourcecode.txt,798026,3
frontend/static/css/balloon.min.css,8114,1
frontend/static/css/slimselect.min.css,9829,1
frontend/static/fonts/_list.json,1122,10
frontend/static/funbox/_list.json,4205,16
frontend/static/funbox/backwards.css,75,1
frontend/static/funbox/choo_choo.css,202,1
frontend/static/funbox/crt.css,4012,9
frontend/static/funbox/earthquake.css,775,1
frontend/static/funbox/mirror.css,34,2
frontend/static/funbox/nausea.css,837,5
frontend/static/funbox/read_ahead.css,615,2
frontend/static/funbox/read_ahead_easy.css,381,2
frontend/static/funbox/read_ahead_hard.css,881,2
frontend/static/funbox/round_round_baby.css,315,3
frontend/static/funbox/simon_says.css,93,1
frontend/static/funbox/space_balls.css,536,4
frontend/static/funbox/tts.css,93,1
frontend/static/funbox/upside_down.css,45,3
frontend/static/images/banana.png,2639,3
frontend/static/images/carrot.png,2227,3
frontend/static/images/fav.png,1309,2
frontend/static/images/favicon/android-chrome-192x192.png,4265,2
frontend/static/images/favicon/android-chrome-512x512.png,5216,2
frontend/static/images/favicon/apple-touch-icon.png,3860,2
frontend/static/images/favicon/browserconfig.xml,445,1
frontend/static/images/favicon/favicon-16x16.png,464,2
frontend/static/images/favicon/favicon-32x32.png,853,2
frontend/static/images/favicon/favicon.ico,15086,1
frontend/static/images/favicon/favicon.svg,541,1
frontend/static/images/favicon/mstile-150x150.png,3343,2
frontend/static/images/favicon/mstile-310x150.png,3834,2
frontend/static/images/favicon/mstile-310x310.png,7491,2
frontend/static/images/favicon/mstile-70x70.png,2081,2
frontend/static/images/favicon/safari-pinned-tab.svg,1595,2
frontend/static/images/githubbanner2.png,20146,2
frontend/static/images/icons/general_icon_x512.png,13724,2
frontend/static/images/icons/maskable_icon_x512.png,7101,2
frontend/static/images/merch2.png,18348,1
frontend/static/images/monkey/m1.png,13469,2
frontend/static/images/monkey/m1_fast.png,16906,2
frontend/static/images/monkey/m2.png,13483,2
frontend/static/images/monkey/m2_fast.png,16838,2
frontend/static/images/monkey/m3.png,13750,2
frontend/static/images/monkey/m3_fast.png,16790,2
frontend/static/images/monkey/m4.png,13330,2
frontend/static/images/monkey/m4_fast.png,16828,2
frontend/static/images/monkeymeme.jpg,5981,2
frontend/static/images/mt-icon-512.png,5216,2
frontend/static/images/mtfulllogo.png,14973,1
frontend/static/images/mtsocial.png,26401,2
frontend/static/images/plushiebanner.png,83813,1
frontend/static/languages/_groups.json,11230,134
frontend/static/languages/_list.json,5840,122
frontend/static/languages/_unused.txt,4409,1
frontend/static/languages/afrikaans.json,2302,5
frontend/static/languages/afrikaans_10k.json,127053,4
frontend/static/languages/afrikaans_1k.json,15625,2
frontend/static/languages/albanian.json,2426,5
frontend/static/languages/albanian_1k.json,12951,6
frontend/static/languages/amharic.json,5276,5
frontend/static/languages/arabic.json,5114,2
frontend/static/languages/arabic_10k.json,259126,5
frontend/static/languages/armenian_western.json,3828,2
frontend/static/languages/armenian_western_1k.json,21615,2
frontend/static/languages/azerbaijani.json,2810,4
frontend/static/languages/azerbaijani_1k.json,13854,4
frontend/static/languages/bangla.json,3960,4
frontend/static/languages/bangla_10k.json,246015,6
frontend/static/languages/bangla_letters.json,823,6
frontend/static/languages/belarusian.json,3134,2
frontend/static/languages/belarusian_100k.json,2904588,2
frontend/static/languages/belarusian_10k.json,213829,2
frontend/static/languages/belarusian_1k.json,19709,4
frontend/static/languages/belarusian_25k.json,480840,2
frontend/static/languages/belarusian_50k.json,1199619,2
frontend/static/languages/belarusian_5k.json,100666,2
frontend/static/languages/belarusian_lacinka.json,2511,2
frontend/static/languages/belarusian_lacinka_1k.json,14610,2
frontend/static/languages/britishenglish.json,19471,29
frontend/static/languages/bulgarian.json,3579,2
frontend/static/languages/catalan.json,2600,4
frontend/static/languages/catalan_1k.json,14307,4
frontend/static/languages/chinese_simplified.json,2962,3
frontend/static/languages/chinese_simplified_10k.json,143886,3
frontend/static/languages/chinese_simplified_1k.json,14216,3
frontend/static/languages/chinese_simplified_50k.json,753569,3
frontend/static/languages/chinese_simplified_5k.json,71548,3
frontend/static/languages/chinese_traditional.json,2701,8
frontend/static/languages/code_arduino.json,1629,3
frontend/static/languages/code_assembly.json,1000,3
frontend/static/languages/code_bash.json,3609,3
frontend/static/languages/code_brainfck.json,4075,3
frontend/static/languages/code_c++.json,1683,3
frontend/static/languages/code_c.json,2997,4
frontend/static/languages/code_csharp.json,1639,5
frontend/static/languages/code_css.json,1285,3
frontend/static/languages/code_dart.json,1029,2
frontend/static/languages/code_elixir.json,10124,4
frontend/static/languages/code_fsharp.json,1410,3
frontend/static/languages/code_gdscript.json,1568,3
frontend/static/languages/code_gdscript_2.json,1561,2
frontend/static/languages/code_go.json,392,2
frontend/static/languages/code_haskell.json,2730,3
frontend/static/languages/code_html.json,3408,3
frontend/static/languages/code_java.json,926,3
frontend/static/languages/code_javascript.json,1487,4
frontend/static/languages/code_javascript_1k.json,14420,2
frontend/static/languages/code_julia.json,1487,3
frontend/static/languages/code_kotlin.json,1165,3
frontend/static/languages/code_latex.json,4244,2
frontend/static/languages/code_lua.json,867,8
frontend/static/languages/code_luau.json,1082,11
frontend/static/languages/code_matlab.json,904,4
frontend/static/languages/code_nim.json,1212,2
frontend/static/languages/code_nix.json,2132,1
frontend/static/languages/code_ook.json,280,1
frontend/static/languages/code_opencl.json,3126,2
frontend/static/languages/code_pascal.json,429,2
frontend/static/languages/code_perl.json,3280,2
frontend/static/languages/code_php.json,3955,3
frontend/static/languages/code_powershell.json,2277,3
frontend/static/languages/code_python.json,2436,4
frontend/static/languages/code_python_1k.json,18061,3
frontend/static/languages/code_python_2k.json,35949,3
frontend/static/languages/code_python_5k.json,96235,3
frontend/static/languages/code_r.json,342,2
frontend/static/languages/code_r_2k.json,40977,3
frontend/static/languages/code_rockstar.json,1321,1
frontend/static/languages/code_ruby.json,1992,2
frontend/static/languages/code_rust.json,3047,5
frontend/static/languages/code_scala.json,1301,3
frontend/static/languages/code_sql.json,2554,3
frontend/static/languages/code_swift.json,1024,2
frontend/static/languages/code_systemverilog.json,3295,3
frontend/static/languages/code_typescript.json,2969,2
frontend/static/languages/code_v.json,872,1
frontend/static/languages/code_vim.json,532,4
frontend/static/languages/code_vimscript.json,1260,3
frontend/static/languages/code_visual_basic.json,2564,2
frontend/static/languages/code_zig.json,2338,3
frontend/static/languages/croatian.json,2848,2
frontend/static/languages/czech.json,2629,2
frontend/static/languages/czech_10k.json,153767,4
frontend/static/languages/czech_1k.json,12435,3
frontend/static/languages/danish.json,2446,4
frontend/static/languages/danish_10k.json,153018,8
frontend/static/languages/danish_1k.json,13456,5
frontend/static/languages/dutch.json,2633,4
frontend/static/languages/dutch_10k.json,195750,2
frontend/static/languages/dutch_1k.json,13683,3
frontend/static/languages/english.json,2540,3
frontend/static/languages/english_10k.json,151386,11
frontend/static/languages/english_1k.json,12927,6
frontend/static/languages/english_25k.json,382748,14
frontend/static/languages/english_450k.json,7935034,16
frontend/static/languages/english_5k.json,73793,7
frontend/static/languages/english_commonly_misspelled.json,28685,5
frontend/static/languages/english_contractions.json,2897,4
frontend/static/languages/english_doubleletter.json,3229,4
frontend/static/languages/english_medical.json,10332,2
frontend/static/languages/english_old.json,2688,1
frontend/static/languages/english_shakespearean.json,2785,1
frontend/static/languages/esperanto.json,2455,2
frontend/static/languages/esperanto_10k.json,148893,2
frontend/static/languages/esperanto_1k.json,13524,2
frontend/static/languages/esperanto_25k.json,392244,2
frontend/static/languages/esperanto_36k.json,578651,2
frontend/static/languages/esperanto_h_sistemo.json,2479,2
frontend/static/languages/esperanto_h_sistemo_10k.json,148332,3
frontend/static/languages/esperanto_h_sistemo_1k.json,13507,3
frontend/static/languages/esperanto_h_sistemo_25k.json,390673,3
frontend/static/languages/esperanto_h_sistemo_36k.json,574707,5
frontend/static/languages/esperanto_x_sistemo.json,2487,2
frontend/static/languages/esperanto_x_sistemo_10k.json,148842,3
frontend/static/languages/esperanto_x_sistemo_1k.json,13545,3
frontend/static/languages/esperanto_x_sistemo_25k.json,391883,3
frontend/static/languages/esperanto_x_sistemo_36k.json,578000,3
frontend/static/languages/estonian.json,2564,3
frontend/static/languages/estonian_10k.json,155889,4
frontend/static/languages/estonian_1k.json,13905,4
frontend/static/languages/estonian_5k.json,75330,1
frontend/static/languages/euskera.json,2756,1
frontend/static/languages/filipino.json,2618,3
frontend/static/languages/filipino_1k.json,14131,3
frontend/static/languages/finnish.json,2958,3
frontend/static/languages/finnish_10k.json,180355,6
frontend/static/languages/finnish_1k.json,14789,2
frontend/static/languages/french.json,2341,3
frontend/static/languages/french_10k.json,163330,4
frontend/static/languages/french_1k.json,20100,2
frontend/static/languages/french_2k.json,31004,2
frontend/static/languages/french_600k.json,12225660,4
frontend/static/languages/friulian.json,2713,3
frontend/static/languages/frysk.json,2647,1
frontend/static/languages/frysk_1k.json,12358,1
frontend/static/languages/georgian.json,5735,3
frontend/static/languages/german.json,2669,3
frontend/static/languages/german_10k.json,163036,6
frontend/static/languages/german_1k.json,14076,5
frontend/static/languages/german_250k.json,4716636,8
frontend/static/languages/git.json,764,5
frontend/static/languages/greek.json,4263,3
frontend/static/languages/greek_10k.json,252761,3
frontend/static/languages/greek_1k.json,21924,3
frontend/static/languages/greek_25k.json,655595,3
frontend/static/languages/greek_5k.json,121986,3
frontend/static/languages/greeklish.json,3058,1
frontend/static/languages/greeklish_10k.json,165410,1
frontend/static/languages/greeklish_1k.json,15048,1
frontend/static/languages/greeklish_25k.json,421424,1
frontend/static/languages/greeklish_5k.json,80879,1
frontend/static/languages/gujarati.json,5177,3
frontend/static/languages/gujarati_1k.json,21842,1
frontend/static/languages/hausa.json,2656,2
frontend/static/languages/hausa_1k.json,11528,2
frontend/static/languages/hebrew.json,3374,3
frontend/static/languages/hebrew_10k.json,181736,3
frontend/static/languages/hebrew_1k.json,16653,3
frontend/static/languages/hebrew_5k.json,88561,3
frontend/static/languages/hindi.json,4108,2
frontend/static/languages/hindi_1k.json,22188,3
frontend/static/languages/hinglish.json,2616,6
frontend/static/languages/hungarian.json,1379,2
frontend/static/languages/hungarian_2k.json,38607,2
frontend/static/languages/icelandic_1k.json,13627,2
frontend/static/languages/indonesian.json,4231,5
frontend/static/languages/indonesian_10k.json,230601,3
frontend/static/languages/indonesian_1k.json,14971,3
frontend/static/languages/irish.json,2367,5
frontend/static/languages/italian.json,2878,3
frontend/static/languages/italian_1k.json,17212,5
frontend/static/languages/italian_280k.json,5004897,3
frontend/static/languages/italian_60k.json,984995,3
frontend/static/languages/italian_7k.json,114063,7
frontend/static/languages/japanese_hiragana.json,9319,5
frontend/static/languages/japanese_katakana.json,6638,3
frontend/static/languages/japanese_romaji.json,2032,2
frontend/static/languages/japanese_romaji_1k.json,13793,2
frontend/static/languages/jyutping.json,2335,3
frontend/static/languages/kannada.json,4761,1
frontend/static/languages/kazakh.json,3254,3
frontend/static/languages/kazakh_1k.json,19092,4
frontend/static/languages/klingon.json,2892,1
frontend/static/languages/klingon_1k.json,13499,1
frontend/static/languages/korean.json,6806,2
frontend/static/languages/korean_1k.json,14911,2
frontend/static/languages/korean_5k.json,67650,2
frontend/static/languages/kurdish_central.json,3497,8
frontend/static/languages/kurdish_central_2k.json,27564,4
frontend/static/languages/kurdish_central_4k.json,79565,2
frontend/static/languages/kyrgyz.json,4455,3
frontend/static/languages/latin.json,4676,5
frontend/static/languages/latvian.json,2494,2
frontend/static/languages/latvian_1k.json,13856,2
frontend/static/languages/lithuanian.json,2789,3
frontend/static/languages/lithuanian_1k.json,15084,6
frontend/static/languages/lithuanian_3k.json,47828,6
frontend/static/languages/lojban_cmavo.json,7880,2
frontend/static/languages/lojban_gismu.json,18164,2
frontend/static/languages/lorem_ipsum.json,2846,2
frontend/static/languages/macedonian.json,3084,5
frontend/static/languages/macedonian_10k.json,215286,2
frontend/static/languages/macedonian_1k.json,18003,5
frontend/static/languages/macedonian_75k.json,1822852,2
frontend/static/languages/malagasy.json,2442,3
frontend/static/languages/malagasy_1k.json,16596,5
frontend/static/languages/malay.json,3141,4
frontend/static/languages/malay_1k.json,14607,2
frontend/static/languages/malayalam.json,4538,3
frontend/static/languages/maltese.json,2460,2
frontend/static/languages/maltese_1k.json,13213,2
frontend/static/languages/maori_1k.json,13566,3
frontend/static/languages/marathi.json,4320,3
frontend/static/languages/mongolian.json,23043,2
frontend/static/languages/mongolian_10k.json,180063,2
frontend/static/languages/myanmar_burmese.json,6293,3
frontend/static/languages/nepali.json,4724,5
frontend/static/languages/nepali_1k.json,22257,4
frontend/static/languages/norwegian_bokmal.json,2505,1
frontend/static/languages/norwegian_bokmal_10k.json,159268,1
frontend/static/languages/norwegian_bokmal_150k.json,2677680,3
frontend/static/languages/norwegian_bokmal_1k.json,13994,1
frontend/static/languages/norwegian_bokmal_5k.json,76684,1
frontend/static/languages/norwegian_bokmal_600k.json,12321154,3
frontend/static/languages/norwegian_nynorsk.json,3218,6
frontend/static/languages/norwegian_nynorsk_100k.json,1840523,3
frontend/static/languages/norwegian_nynorsk_10k.json,162441,3
frontend/static/languages/norwegian_nynorsk_1k.json,13984,3
frontend/static/languages/norwegian_nynorsk_400k.json,7681215,3
frontend/static/languages/norwegian_nynorsk_5k.json,78072,3
frontend/static/languages/oromo.json,5008,3
frontend/static/languages/oromo_1k.json,16348,3
frontend/static/languages/oromo_5k.json,86981,3
frontend/static/languages/pashto.json,3381,1
frontend/static/languages/persian.json,3430,4
frontend/static/languages/persian_1k.json,17051,4
frontend/static/languages/persian_20k.json,378246,3
frontend/static/languages/persian_5k.json,89347,4
frontend/static/languages/persian_romanized.json,2992,2
frontend/static/languages/pig_latin.json,2872,3
frontend/static/languages/pinyin.json,2321,6
frontend/static/languages/pinyin_10k.json,15923,7
frontend/static/languages/pinyin_1k.json,7640,6
frontend/static/languages/polish.json,2558,5
frontend/static/languages/polish_10k.json,160979,7
frontend/static/languages/polish_200k.json,3622698,4
frontend/static/languages/polish_20k.json,330846,3
frontend/static/languages/polish_2k.json,35326,2
frontend/static/languages/polish_40k.json,690741,3
frontend/static/languages/polish_5k.json,78565,3
frontend/static/languages/portuguese.json,2815,8
frontend/static/languages/portuguese_3k.json,49279,2
frontend/static/languages/portuguese_5k.json,92795,1
frontend/static/languages/portuguese_acentos_e_cedilha.json,36183,4
frontend/static/languages/romanian.json,3570,2
frontend/static/languages/romanian_100k.json,1687365,1
frontend/static/languages/romanian_10k.json,168800,1
frontend/static/languages/romanian_1k.json,16690,1
frontend/static/languages/romanian_200k.json,3374931,1
frontend/static/languages/romanian_25k.json,422202,2
frontend/static/languages/romanian_50k.json,842909,2
frontend/static/languages/romanian_5k.json,83912,1
frontend/static/languages/russian.json,3271,8
frontend/static/languages/russian_10k.json,238935,12
frontend/static/languages/russian_1k.json,20340,3
frontend/static/languages/russian_25k.json,681025,3
frontend/static/languages/russian_375k.json,10065776,12
frontend/static/languages/russian_50k.json,1354345,4
frontend/static/languages/sanskrit.json,5745,3
frontend/static/languages/sanskrit_roman.json,3757,1
frontend/static/languages/santali.json,5905,2
frontend/static/languages/serbian.json,3809,2
frontend/static/languages/serbian_latin.json,2849,1
frontend/static/languages/shona.json,2764,2
frontend/static/languages/shona_1k.json,11959,2
frontend/static/languages/sinhala.json,4190,3
frontend/static/languages/slovak.json,2361,6
frontend/static/languages/slovak_10k.json,152706,4
frontend/static/languages/slovak_1k.json,13772,2
frontend/static/languages/slovenian.json,4007,2
frontend/static/languages/spanish.json,2627,7
frontend/static/languages/spanish_10k.json,157797,8
frontend/static/languages/spanish_1k.json,14343,4
frontend/static/languages/spanish_650k.json,11979182,3
frontend/static/languages/swahili_1k.json,11792,6
frontend/static/languages/swedish.json,2462,3
frontend/static/languages/swedish_1k.json,13414,3
frontend/static/languages/swedish_diacritics.json,4198,3
frontend/static/languages/swiss_german.json,2366,5
frontend/static/languages/swiss_german_1k.json,13002,6
frontend/static/languages/swiss_german_2k.json,36584,5
frontend/static/languages/tamil.json,5838,5
frontend/static/languages/tamil_1k.json,26745,4
frontend/static/languages/tanglish.json,2819,2
frontend/static/languages/telugu.json,4931,2
frontend/static/languages/telugu_1k.json,23412,2
frontend/static/languages/thai.json,21338,2
frontend/static/languages/toki_pona.json,1526,2
frontend/static/languages/toki_pona_ku_lili.json,2368,4
frontend/static/languages/toki_pona_ku_suli.json,1713,3
frontend/static/languages/turkish.json,4065,2
frontend/static/languages/turkish_1k.json,14482,8
frontend/static/languages/turkish_5k.json,77320,12
frontend/static/languages/twitch_emotes.json,3242,3
frontend/static/languages/typing_of_the_dead.json,232808,3
frontend/static/languages/udmurt.json,3682,3
frontend/static/languages/ukrainian.json,3603,4
frontend/static/languages/ukrainian_10k.json,244506,5
frontend/static/languages/ukrainian_1k.json,21403,3
frontend/static/languages/ukrainian_50k.json,1329620,8
frontend/static/languages/ukrainian_endings.json,1623,2
frontend/static/languages/ukrainian_latynka.json,2733,3
frontend/static/languages/ukrainian_latynka_10k.json,167981,3
frontend/static/languages/ukrainian_latynka_1k.json,15203,3
frontend/static/languages/ukrainian_latynka_50k.json,897229,3
frontend/static/languages/ukrainian_latynka_endings.json,1373,3
frontend/static/languages/urdu.json,3234,2
frontend/static/languages/urdu_1k.json,16107,5
frontend/static/languages/urdu_5k.json,86433,3
frontend/static/languages/uzbek.json,2838,3
frontend/static/languages/uzbek_1k.json,11895,5
frontend/static/languages/uzbek_70k.json,1345620,2
frontend/static/languages/vietnamese.json,4107,2
frontend/static/languages/vietnamese_1k.json,13005,2
frontend/static/languages/vietnamese_5k.json,64648,2
frontend/static/languages/welsh.json,2529,2
frontend/static/languages/welsh_1k.json,13764,2
frontend/static/languages/wordle.json,2733,3
frontend/static/languages/wordle_1k.json,13065,3
frontend/static/languages/xhosa.json,13224,2
frontend/static/languages/yiddish.json,3771,3
frontend/static/languages/yoruba_1k.json,9842,3
frontend/static/layouts/_list.json,85889,86
frontend/static/quotes/afrikaans.json,3967,3
frontend/static/quotes/albanian.json,8672,6
frontend/static/quotes/arabic.json,30271,12
frontend/static/quotes/bangla.json,89725,1
frontend/static/quotes/belarusian.json,25410,6
frontend/static/quotes/belarusian_lacinka.json,13275,3
frontend/static/quotes/bulgarian.json,4177,1
frontend/static/quotes/chinese_simplified.json,3198,5
frontend/static/quotes/code_arduino.json,71685,3
frontend/static/quotes/code_assembly.json,4226,1
frontend/static/quotes/code_c++.json,7940,9
frontend/static/quotes/code_c.json,11069,10
frontend/static/quotes/code_csharp.json,11349,7
frontend/static/quotes/code_css.json,7898,1
frontend/static/quotes/code_go.json,26385,4
frontend/static/quotes/code_java.json,10608,13
frontend/static/quotes/code_javascript.json,17162,10
frontend/static/quotes/code_julia.json,1947,3
frontend/static/quotes/code_kotlin.json,3162,2
frontend/static/quotes/code_lua.json,2901,3
frontend/static/quotes/code_nim.json,1641391,2
frontend/static/quotes/code_python.json,40505,12
frontend/static/quotes/code_r.json,2590,2
frontend/static/quotes/code_ruby.json,9925,2
frontend/static/quotes/code_rust.json,62418,8
frontend/static/quotes/code_systemverilog.json,71306,4
frontend/static/quotes/czech.json,3892,3
frontend/static/quotes/danish.json,14749,8
frontend/static/quotes/dutch.json,20049,10
frontend/static/quotes/english.json,2269431,366
frontend/static/quotes/esperanto.json,4842,1
frontend/static/quotes/estonian.json,3142,2
frontend/static/quotes/filipino.json,18360,9
frontend/static/quotes/finnish.json,5561,2
frontend/static/quotes/french.json,474333,58
frontend/static/quotes/georgian.json,13610,5
frontend/static/quotes/german.json,186148,60
frontend/static/quotes/hebrew.json,25768,10
frontend/static/quotes/hindi.json,33211,12
frontend/static/quotes/icelandic.json,5978,6
frontend/static/quotes/indonesian.json,49541,23
frontend/static/quotes/irish.json,21212,5
frontend/static/quotes/italian.json,40988,24
frontend/static/quotes/kannada.json,11053,1
frontend/static/quotes/korean.json,9729,7
frontend/static/quotes/latin.json,4065,4
frontend/static/quotes/lithuanian.json,12324,6
frontend/static/quotes/malagasy.json,697,3
frontend/static/quotes/malayalam.json,6925,6
frontend/static/quotes/marathi.json,4719,2
frontend/static/quotes/mongolian.json,22673,2
frontend/static/quotes/nepali.json,38682,9
frontend/static/quotes/norwegian_bokmal.json,41004,6
frontend/static/quotes/norwegian_nynorsk.json,15822,2
frontend/static/quotes/persian.json,5884,2
frontend/static/quotes/polish.json,32364,10
frontend/static/quotes/portuguese.json,32993,22
frontend/static/quotes/romanian.json,17200,10
frontend/static/quotes/russian.json,902477,88
frontend/static/quotes/sanskrit.json,3062,3
frontend/static/quotes/serbian.json,4177,3
frontend/static/quotes/slovak.json,691,5
frontend/static/quotes/spanish.json,48678,56
frontend/static/quotes/swedish.json,51160,9
frontend/static/quotes/tamil.json,13916,1
frontend/static/quotes/thai.json,8181,9
frontend/static/quotes/toki_pona.json,1000,3
frontend/static/quotes/turkish.json,37140,14
frontend/static/quotes/ukrainian.json,98093,13
frontend/static/quotes/vietnamese.json,53510,8
frontend/static/robots.txt,69,2
frontend/static/sitemap.xml,847,1
frontend/static/sound/click1/click1_1.wav,3708,1
frontend/static/sound/click1/click1_2.wav,3704,1
frontend/static/sound/click1/click1_3.wav,3704,1
frontend/static/sound/click14/click14_1.wav,33120,1
frontend/static/sound/click14/click14_2.wav,33120,1
frontend/static/sound/click14/click14_3.wav,33120,1
frontend/static/sound/click14/click14_4.wav,33120,1
frontend/static/sound/click14/click14_5.wav,33120,1
frontend/static/sound/click14/click14_6.wav,33120,1
frontend/static/sound/click14/click14_7.wav,33120,1
frontend/static/sound/click14/click14_8.wav,33120,1
frontend/static/sound/click15/click15_1.wav,88244,1
frontend/static/sound/click15/click15_2.wav,88244,1
frontend/static/sound/click15/click15_3.wav,88244,1
frontend/static/sound/click15/click15_4.wav,88244,1
frontend/static/sound/click15/click15_5.wav,88244,1
frontend/static/sound/click2/click2_1.wav,10188,1
frontend/static/sound/click2/click2_2.wav,10188,1
frontend/static/sound/click2/click2_3.wav,10188,1
frontend/static/sound/click3/click3_1.wav,6904,1
frontend/static/sound/click3/click3_2.wav,6904,1
frontend/static/sound/click3/click3_3.wav,6904,1
frontend/static/sound/click4/click4_1.wav,28036,1
frontend/static/sound/click4/click4_11.wav,28036,1
frontend/static/sound/click4/click4_2.wav,29028,1
frontend/static/sound/click4/click4_22.wav,29028,1
frontend/static/sound/click4/click4_3.wav,30892,1
frontend/static/sound/click4/click4_33.wav,30892,1
frontend/static/sound/click4/click4_4.wav,29028,1
frontend/static/sound/click4/click4_44.wav,29028,1
frontend/static/sound/click4/click4_5.wav,29436,1
frontend/static/sound/click4/click4_55.wav,29436,1
frontend/static/sound/click4/click4_6.wav,36344,1
frontend/static/sound/click4/click4_66.wav,36344,1
frontend/static/sound/click5/click5_1.wav,40492,1
frontend/static/sound/click5/click5_11.wav,40492,1
frontend/static/sound/click5/click5_2.wav,46124,1
frontend/static/sound/click5/click5_22.wav,46124,1
frontend/static/sound/click5/click5_3.wav,45100,1
frontend/static/sound/click5/click5_33.wav,45100,1
frontend/static/sound/click5/click5_4.wav,53292,1
frontend/static/sound/click5/click5_44.wav,53292,1
frontend/static/sound/click5/click5_5.wav,56684,1
frontend/static/sound/click5/click5_55.wav,56684,1
frontend/static/sound/click5/click5_6.wav,41068,1
frontend/static/sound/click5/click5_66.wav,41068,1
frontend/static/sound/click6/click6_1.wav,23440,1
frontend/static/sound/click6/click6_11.wav,23440,1
frontend/static/sound/click6/click6_2.wav,23440,1
frontend/static/sound/click6/click6_22.wav,23440,1
frontend/static/sound/click6/click6_3.wav,23440,1
frontend/static/sound/click6/click6_33.wav,23440,1
frontend/static/sound/click7/click7_1.wav,11280,1
frontend/static/sound/click7/click7_11.wav,11280,1
frontend/static/sound/click7/click7_2.wav,11280,1
frontend/static/sound/click7/click7_22.wav,11280,1
frontend/static/sound/click7/click7_3.wav,11280,1
frontend/static/sound/click7/click7_33.wav,11280,1
frontend/static/sound/error1/error1_1.wav,12042,1
frontend/static/sound/error2/error2_1.wav,16640,1
frontend/static/sound/error3/error3_1.wav,16534,1
frontend/static/sound/error4/error4_1.wav,33120,1
frontend/static/sound/error4/error4_2.wav,33120,1
frontend/static/themes/8008.css,323,2
frontend/static/themes/80s_after_dark.css,295,2
frontend/static/themes/9009.css,735,5
frontend/static/themes/_list.json,24925,41
frontend/static/themes/aether.css,585,4
frontend/static/themes/alduin.css,295,2
frontend/static/themes/alpine.css,505,2
frontend/static/themes/anti_hero.css,295,1
frontend/static/themes/arch.css,295,2
frontend/static/themes/aurora.css,1449,7
frontend/static/themes/beach.css,497,4
frontend/static/themes/bento.css,295,2
frontend/static/themes/bingsu.css,491,4
frontend/static/themes/bliss.css,292,2
frontend/static/themes/blue_dolphin.css,295,3
frontend/static/themes/blueberry_dark.css,339,4
frontend/static/themes/blueberry_light.css,339,4
frontend/static/themes/botanical.css,295,2
frontend/static/themes/bouquet.css,295,2
frontend/static/themes/breeze.css,295,1
frontend/static/themes/bushido.css,295,2
frontend/static/themes/cafe.css,295,2
frontend/static/themes/camping.css,339,4
frontend/static/themes/carbon.css,295,2
frontend/static/themes/catppuccin.css,579,3
frontend/static/themes/chaos_theory.css,4563,11
frontend/static/themes/cheesecake.css,712,3
frontend/static/themes/cherry_blossom.css,295,1
frontend/static/themes/comfy.css,295,2
frontend/static/themes/copper.css,295,2
frontend/static/themes/creamsicle.css,295,2
frontend/static/themes/cy_red.css,295,1
frontend/static/themes/cyberspace.css,295,2
frontend/static/themes/dark.css,280,2
frontend/static/themes/dark_magic_girl.css,295,3
frontend/static/themes/dark_note.css,3405,6
frontend/static/themes/darling.css,318,2
frontend/static/themes/deku.css,295,2
frontend/static/themes/desert_oasis.css,795,4
frontend/static/themes/dev.css,409,2
frontend/static/themes/diner.css,295,2
frontend/static/themes/dino.css,295,2
frontend/static/themes/discord.css,295,1
frontend/static/themes/dmg.css,1101,7
frontend/static/themes/dollar.css,295,2
frontend/static/themes/dots.css,2871,10
frontend/static/themes/dracula.css,607,5
frontend/static/themes/drowning.css,295,2
frontend/static/themes/dualshot.css,607,4
frontend/static/themes/earthsong.css,345,1
frontend/static/themes/everblush.css,295,1
frontend/static/themes/evil_eye.css,295,2
frontend/static/themes/ez_mode.css,779,2
frontend/static/themes/fire.css,1442,7
frontend/static/themes/fledgling.css,295,2
frontend/static/themes/fleuriste.css,423,4
frontend/static/themes/floret.css,295,2
frontend/static/themes/froyo.css,585,4
frontend/static/themes/frozen_llama.css,295,2
frontend/static/themes/fruit_chew.css,585,4
frontend/static/themes/fundamentals.css,339,4
frontend/static/themes/future_funk.css,585,4
frontend/static/themes/godspeed.css,295,2
frontend/static/themes/graen.css,497,4
frontend/static/themes/grand_prix.css,295,2
frontend/static/themes/grape.css,1449,4
frontend/static/themes/gruvbox_dark.css,295,2
frontend/static/themes/gruvbox_light.css,295,2
frontend/static/themes/hammerhead.css,295,2
frontend/static/themes/hanok.css,295,2
frontend/static/themes/hedge.css,295,1
frontend/static/themes/honey.css,295,3
frontend/static/themes/horizon.css,585,4
frontend/static/themes/husqy.css,346,2
frontend/static/themes/iceberg_dark.css,295,2
frontend/static/themes/iceberg_light.css,295,2
frontend/static/themes/incognito.css,608,1
frontend/static/themes/ishtar.css,339,4
frontend/static/themes/iv_clover.css,295,1
frontend/static/themes/iv_spade.css,295,1
frontend/static/themes/joker.css,295,2
frontend/static/themes/laser.css,295,2
frontend/static/themes/lavender.css,632,6
frontend/static/themes/leather.css,295,2
frontend/static/themes/lil_dragon.css,379,4
frontend/static/themes/lilac_mist.css,299,1
frontend/static/themes/lime.css,295,2
frontend/static/themes/luna.css,295,2
frontend/static/themes/macroblank.css,295,2
frontend/static/themes/magic_girl.css,295,2
frontend/static/themes/mashu.css,295,2
frontend/static/themes/matcha_moccha.css,295,2
frontend/static/themes/material.css,295,2
frontend/static/themes/matrix.css,344,4
frontend/static/themes/menthol.css,295,2
frontend/static/themes/metaverse.css,295,2
frontend/static/themes/metropolis.css,599,7
frontend/static/themes/mexican.css,286,2
frontend/static/themes/miami.css,295,2
frontend/static/themes/miami_nights.css,292,2
frontend/static/themes/midnight.css,295,2
frontend/static/themes/milkshake.css,607,4
frontend/static/themes/mint.css,295,2
frontend/static/themes/mizu.css,295,2
frontend/static/themes/modern_dolch.css,295,2
frontend/static/themes/modern_dolch_light.css,295,2
frontend/static/themes/modern_ink.css,650,4
frontend/static/themes/monokai.css,295,2
frontend/static/themes/moonlight.css,1770,10
frontend/static/themes/mountain.css,295,2
frontend/static/themes/mr_sleeves.css,660,6
frontend/static/themes/ms_cupcakes.css,295,2
frontend/static/themes/muted.css,295,2
frontend/static/themes/nautilus.css,295,2
frontend/static/themes/nebula.css,295,2
frontend/static/themes/night_runner.css,295,2
frontend/static/themes/nord.css,295,5
frontend/static/themes/nord_light.css,295,1
frontend/static/themes/norse.css,295,2
frontend/static/themes/oblivion.css,585,4
frontend/static/themes/olive.css,295,2
frontend/static/themes/olivia.css,295,2
frontend/static/themes/onedark.css,295,2
frontend/static/themes/our_theme.css,295,2
frontend/static/themes/paper.css,295,2
frontend/static/themes/passion_fruit.css,295,3
frontend/static/themes/pastel.css,295,2
frontend/static/themes/peach_blossom.css,295,2
frontend/static/themes/peaches.css,295,2
frontend/static/themes/pink_lemonade.css,295,2
frontend/static/themes/pulse.css,295,2
frontend/static/themes/purpleish.css,295,1
frontend/static/themes/rainbow_trail.css,4379,8
frontend/static/themes/red_dragon.css,295,2
frontend/static/themes/red_samurai.css,295,2
frontend/static/themes/repose_dark.css,295,2
frontend/static/themes/repose_light.css,295,2
frontend/static/themes/retro.css,295,2
frontend/static/themes/retrocast.css,585,4
frontend/static/themes/rgb.css,2084,6
frontend/static/themes/rose_pine.css,505,2
frontend/static/themes/rose_pine_dawn.css,435,2
frontend/static/themes/rose_pine_moon.css,505,2
frontend/static/themes/rudy.css,295,2
frontend/static/themes/ryujinscales.css,399,2
frontend/static/themes/serika.css,295,2
frontend/static/themes/serika_dark.css,295,2
frontend/static/themes/sewing_tin.css,379,4
frontend/static/themes/sewing_tin_light.css,823,6
frontend/static/themes/shadow.css,850,7
frontend/static/themes/shoko.css,295,2
frontend/static/themes/slambook.css,297,2
frontend/static/themes/snes.css,2521,8
frontend/static/themes/soaring_skies.css,295,2
frontend/static/themes/solarized_dark.css,295,2
frontend/static/themes/solarized_light.css,295,2
frontend/static/themes/sonokai.css,295,2
frontend/static/themes/stealth.css,386,5
frontend/static/themes/strawberry.css,295,2
frontend/static/themes/striker.css,295,2
frontend/static/themes/superuser.css,295,2
frontend/static/themes/sweden.css,295,2
frontend/static/themes/tangerine.css,295,4
frontend/static/themes/taro.css,882,6
frontend/static/themes/terminal.css,295,2
frontend/static/themes/terra.css,295,2
frontend/static/themes/terror_below.css,295,2
frontend/static/themes/tiramisu.css,295,2
frontend/static/themes/trackday.css,451,4
frontend/static/themes/trance.css,1311,7
frontend/static/themes/tron_orange.css,295,2
frontend/static/themes/vaporwave.css,295,2
frontend/static/themes/viridescent.css,295,2
frontend/static/themes/voc.css,295,2
frontend/static/themes/vscode.css,295,2
frontend/static/themes/watermelon.css,295,2
frontend/static/themes/wavez.css,295,2
frontend/static/themes/witch_girl.css,295,2
frontend/static/webfonts/AtkinsonHyperlegible-Regular.ttf,53504,1
frontend/static/webfonts/Boon-400.otf,129952,1
frontend/static/webfonts/Boon-400.ttf,210900,1
frontend/static/webfonts/CascadiaMono-Regular.ttf,624892,1
frontend/static/webfonts/Comfortaa-Regular.ttf,111272,1
frontend/static/webfonts/ComingSoon-Regular.ttf,47128,1
frontend/static/webfonts/CommitMono-400-Regular.otf,265552,1
frontend/static/webfonts/FiraCode-Regular.ttf,188252,1
frontend/static/webfonts/HackNerdFont-Regular.ttf,2200880,1
frontend/static/webfonts/IBMPlexMono-Regular.ttf,128812,1
frontend/static/webfonts/IBMPlexSans-SemiBold.ttf,177272,1
frontend/static/webfonts/Inconsolata-Regular.ttf,97864,1
frontend/static/webfonts/Itim-Regular.ttf,362640,1
frontend/static/webfonts/JetBrainsMono-Regular.ttf,114320,1
frontend/static/webfonts/Lalezar-Regular.ttf,280416,1
frontend/static/webfonts/Lato-Regular.ttf,75152,1
frontend/static/webfonts/LexendDeca-Regular.ttf,77904,1
frontend/static/webfonts/Montserrat-Regular.ttf,197976,1
frontend/static/webfonts/NotoNaskhArabic-Regular.ttf,191600,1
frontend/static/webfonts/Nunito-Bold.ttf,131672,1
frontend/static/webfonts/OpenDyslexic.otf,41088,1
frontend/static/webfonts/OverpassMono-VariableFont_wght.ttf,257080,1
frontend/static/webfonts/Oxygen-Regular.ttf,46440,1
frontend/static/webfonts/Roboto-Regular.ttf,168260,1
frontend/static/webfonts/RobotoMono-Regular.ttf,86908,1
frontend/static/webfonts/SourceCodePro-Regular.ttf,119788,1
frontend/static/webfonts/TitilliumWeb-Regular.ttf,57392,1
frontend/static/webfonts/Ubuntu-Regular.ttf,299684,1
frontend/static/webfonts/UbuntuMono-Regular.ttf,189892,1
frontend/static/webfonts/Vazirmatn-Regular.ttf,126280,1
frontend/tsconfig.json,1270,23
frontend/vite.config.js,7493,12
frontend/vitest.config.js,243,2
monkeytype.code-workspace,861,7
package-lock.json,405429,202
package.json,3268,204
shared-types/config.d.ts,2789,4
shared-types/types.d.ts,15060,27
