contributor,commit_count
Miodec,4541
Jack,3305
Bruce Berrios,181
UnrealApex,130
monkeytypegeorge,124
Christian Fehmer,108
unknown,96
lukew3,63
typer,50
Rizwan Mustafa,39
Aaron,39
bhomie,37
Estebene,37
github-actions[bot],35
SeerLite,35
willerbee,33
Brachyurus,29
Otard95,29
Evan,27
Ferotiq,26
David Martin,24
Luke Weiler,20
George The Bot,20
Jack Bartnik,20
BuildTools,20
Meimersdorfer,19
Corey Bergeron,19
smunky,17
aNOOBis,16
Noah,13
CrumblyLiquid,13
corey-b,12
Mariusz Gumienny,12
Sanidhya Singh,12
dependabot[bot],11
Nad Alaba,11
Teddi,11
seaerchin,11
Dharmaraj,11
Ryan Harrington,11
Smithster,10
decaf,10
Saint-dev,10
Serdar Bilici,10
Marco Pagani,9
Matteo Macaluso,9
a1usha,9
Dmitry,9
Albert,9
refact0r,9
Fabi,8
Jack92829,8
DanGonite57,8
Rustom Ichhaporia,8
Octahedron,8
Laaveshwaran P,8
Maclogger,8
Zak,7
Mustafa,7
avi123nash,7
James,7
Christian Rudder,7
Killer8Hyper,7
aria,7
Oscar MacKenzie,7
egorguslyan,7
Michael,7
Zachary Ho,6
Kainoa Kanter,6
Sondre Kjempekjenn,6
ramnathk,6
Moon,6
Evan Callicoat,6
dazon,6
Matt Wahlig,6
aviegdown,6
Batmunkh Dorjgotov,6
penguin-teal,6
typerqeo,6
R0merol,6
Nipul Mallikarachchi,6
xiao,6
Warrobot10,5
iuuang,5
GFruit,5
Raymon Zhang,5
Jørgen Tharaldsen fosstvedt,5
Matic Šulc,5
glowy,5
Jerry Zhou,5
Dunxter,5
Yen Cheng,5
Seth Falco,5
pyxan,5
ibrab000,5
Ahmad-A0,4
Shuja-Mahmood,4
Jacek,4
Brian Evans,4
Taylor Robinson,4
Pierre,4
Denis Çerri,4
throwawaywords,4
mtthwn,4
Dainternetdude,4
tcbutler320,4
Dioswilson,4
OctarinePhaneron,4
Anthony Rosman,4
Myriam,4
Christopher Sarmiento,4
ademirkan,4
shishberg,4
Finn Lestrange,4
Le Duy Quang,4
Pranav Sinha,4
barthakstege,4
Adawd,4
lassc,4
Cody Bloemhard,4
Rob Sassack,4
kenny,4
Shibin Thomas,4
Vuong BUI,4
ethan,4
corey,4
Cyrus Yip,4
sombre-hombre,4
eisthefifthletter,4
Alexander Ushaev,4
Denis Alex,4
Josh Moncrieff,3
Mattia,3
_Bare,3
huzqy,3
Aqeel,3
Abdullah Omar,3
JojoCalabaza,3
t-e-r-m,3
angularorbit,3
Tricarbonate,3
ArijanJ,3
jørg,3
poldoms,3
Kacper Wyczawski,3
s1mple-Lemon,3
Inirdin,3
verbxtim,3
AntoninMayet,3
Alexander Johansen,3
Patel Prince,3
MD Jannatin Naim,3
MysteriousLog6,3
Anatoli Avetisovi,3
CoolerFred,3
Ranel Padon,3
Tassilo Neubauer,3
gimmerain4days,3
EMRD95,3
marcoferrari2409,3
Zach Skaistis,3
DKparadox,3
Damian,3
zer0-x,3
Vaughn Gugger,3
Ed,3
YummyOreo,3
Andrey Kuznetsov,3
Joshua Odeyemi,3
KRP,3
Tawtis,3
Md. Shahnewaz Siddique,3
Vitaman02,3
Henning Meyer,3
Rina RANARISON,3
Malo Hamon,3
alegottu,3
Michael Deutsch,3
Abdulbasit,3
KungPaoChick,3
MakerJake,3
Nolan,3
Casper Sluitman,3
Alex Khalilieh,3
Gabriel Thomé,3
anakojm,3
Ajay kumar,3
Jared Kwan,3
Gauthier Fiorentino,3
arda-a,3
jonny-exe,3
Nikhil Harry,3
yunfachi,3
Spax,3
wozzy,3
Jan Reggie Dela Cruz,3
Renato Setoue,2
Snyk bot,2
Shane Donovan,2
Corey,2
M Usman Abubakr,2
Oxey,2
Cameron,2
tumophiy,2
DharmarajX24,2
Tom Kuson,2
Victor B,2
StianM,2
GalileoBlues,2
holoflash,2
hanabo-mk,2
Ammar,2
mellangr,2
taboov,2
Daniel,2
Mendel E,2
Rasmit Devkota,2
"Manassarn ""Noom"" Manoonchai",2
Abinawan Bhattarai,2
Yultax,2
yourealt,2
coliss86,2
Typeacode,2
Jasmine Ying,2
ElijahRosal,2
Nishu Murmu,2
Sat Naing,2
Konstantin Runov,2
Alexandre Melo,2
Rodrigo Chireia,2
Ashkan Arabi,2
Harsh Vardhan,2
Jaco Chong,2
Jitesh Kumar Sahoo,2
Ihor Kos,2
Jonny-exe,2
Max Verbinnen,2
Katrina Lou S. Tantay,2
Tanamr,2
Bala Subramaniam,2
devkennyy,2
Mehdi Hussain,2
SarkarKurdish,2
druotoni,2
wizpizz,2
Max Kronenbürger,2
VNKTSH00,2
Arban Hossain,2
Fukurou Makoto,2
Roj,2
Ian Hong,2
Den,2
carnivoroustoad,2
Prajwal Raj Basnet,2
akp,2
QuackerDeezles,2
ryujinscales,2
Matt,2
devrusty,2
Banzobotic,2
Anurag Nayak,2
Johnapolitan,2
riyu,2
FarisDaffa,2
Brook Feleke,2
Sashin Exists,2
KParthSingh,2
rogercc03,2
sillyangel,2
Shashwat Poudel,2
Exploration,2
Saint,2
Mark (Krittipoom),2
noamvokaal,2
Alessandro Farcas,2
Ehan,2
ryevertigo,2
paul,2
Mohanad Fteha,2
krsntn,2
Dilyorbek,2
kopipahit-1,2
kiriDevs,2
Dominik Cubelic,2
Arie Bates-Hermans,2
Magical-Penguin,2
Bogdan Mitrović,2
Gabriel Forien,2
Jacopo Michettoni,2
g-harel,2
Bendik Samseth,2
Testify,2
Brian Sung,2
NoCrypt,2
Bilal Suleiman,2
Lucas Fern,2
Irina,2
Soham Bhattacharya,2
Eduard Stefanescu,2
Max Harmony,2
Eric,2
Fuwn,2
Steve P,2
Susan Lin,2
JosueLeovani,2
LediM0nsteri,2
Andrew Guo,2
Gennady Koshkin,2
Fraser Price,2
Gaëtan Ark,2
aikoo7,2
Richard Davison,2
ebblies,2
Nullaferius,2
Estifanos Gashawtena,2
Pablo,2
__filename,2
Aditya Rawat,2
FabianSt305,2
joshuamango,2
Aaron Cottle,2
WhosChester,2
Dario Götz,2
BalkoBalkho,2
Pranay Roni,2
Jeff0502,2
Cole320,2
Vilgot Fredenberg,2
Eric Ettensohn,2
Sagittarius,2
Michel Koga,2
Vladimir Vilenskii,2
Egemasta,2
Ayaan,2
OctahedronV2,2
yekta,2
Duncan Sutherland,2
kStor2poche,2
iokiou,1
andrewtran1995,1
Alvin Zhao,1
István Korompai,1
Kraizt Matte,1
Zanin Andrea,1
Emily,1
Brage Fuglseth,1
lucas-fine,1
Giovanni D,1
bataak,1
Drambique,1
vetu11,1
OldMope,1
sshauchuk,1
Joshua Joseph,1
CaptainRex-501st,1
Andrej Stojkovikj,1
oatmealsecurity,1
bilfri,1
Kaden Scott,1
Praneeth,1
Cosmin Ilie,1
KobeCofini,1
precondition,1
Zach Tepper,1
Rodolfo Velázquez,1
Benjamin Meixner,1
max-m-e,1
elikoga,1
Benjamin Kinga,1
sudoerena,1
swinelordvastus,1
Şahin Akkaya,1
Alexander Craggs,1
tinkoh,1
Connor Goldberg,1
ben potter,1
tbodt,1
Petri Julkunen,1
Jones Sagabaen,1
Simen Holmestad,1
Daniel Krikun,1
TheKaushikGoswami,1
Matthew Lau,1
Alex,1
Ivaylo Ivanov,1
Joel Bradshaw,1
Ryan Zhang,1
Frederick (Kyu Won) Kim,1
Stiaan Nel,1
Thomas Plaçais,1
Timothy Gibbons,1
Rebonack,1
howmanysmall,1
Dan Hogan,1
thuan,1
lttb,1
Angelo Fallaria,1
Xydez,1
Souren Papazian,1
Vi Mio,1
Samar Mohan,1
Charles Ancheta,1
Frederick Kim,1
Bot_Manemj,1
Samyak Bardiya,1
HyperAMIR,1
Alireza,1
Jazil T S,1
Oskar283,1
Gabriel Santos Rocha,1
Marken Foo,1
r00ster,1
Taryn Hill,1
Alexander Tzoc,1
redarguireda,1
Jeremy Gautama,1
Iftakhar,1
Aziz Ben Ali,1
Anh Duc Nguyen,1
rev1e,1
Alek Curless,1
Isaac Howie,1
ABHISHEK VALSAN,1
VÖRÖSKŐI András,1
Theo Pearson-Bray,1
Architthecoder,1
Colin H,1
Tarik Kaya,1
KanatFM,1
Yaroslav Smirnov,1
AronF,1
WebTax,1
Tsara Sudrajat,1
susan,1
Paul H Choi,1
Aadhithyan Suresh,1
David Mordechai,1
Ronnapatp,1
root,1
montydrei,1
Đặng Tiến Cường,1
Noah K,1
iamlambda,1
vermoot,1
Andrej Stojkovic,1
Neris,1
driazati,1
Rishav Raj,1
Manassarn Manoonchai,1
Andreas,1
kikuKeii,1
Anthony,1
Philipp Lühmann,1
Allegedly Samuel Casey,1
HasanTheSyrian,1
Santi Santichaivekin,1
Bachoo,1
Dean Scarff,1
thienanbeou,1
Jeroen Meijer (Jay),1
CarinaChenot,1
Gavin Nelson,1
GuyClicking,1
Jorge Martinez,1
aleksandr.vakushin,1
Moilleadoir,1
Sean Ho,1
kokaloo,1
Cory Shaw,1
aoaaceai,1
Aleksandr Sajenko,1
Rohit Kumar Saini,1
Dmitry Samsonov,1
Sergi Meseguer,1
Mysteriouslog6,1
NottNott,1
zigotica,1
Vincent LE GOFF,1
Pedro Serey,1
Erfan Khadivar,1
Kelsier,1
Ren Blanding,1
minicap-cat,1
Evan Gubarev,1
Sin,1
MaxiMii05,1
uShldGetCeleste,1
chaitriplez,1
Hachemi,1
Ming,1
pooooooooods,1
Arthur Nunes,1
DanInSpace104,1
Henrique Borges,1
bitt4,1
AndreiSergiuu,1
wRadion,1
Tomohiro Nishimura,1
k a a s s o u f f l é,1
Beck,1
Provola23,1
gwenzek,1
whorf,1
Haruki Jay Shimada,1
Nolan Karjala,1
Lev Shumilov,1
Eloren1,1
mTopy,1
Ubuntu,1
Miigon,1
ballerboo,1
EmNudge,1
yaazkal,1
Dimitri Tabatadze,1
nextZed,1
usrme,1
Darryl Brooks,1
Afonso Reis,1
Rhesa Utomo,1
patpro,1
Azirine,1
Clément Martinez,1
Ronnapat Srivoravilai,1
Matthew An,1
humptyhump,1
Vaibhav Kaushik,1
CoolenL,1
Mia,1
Nikolai Maasø Lunde,1
Adrian Skar,1
cheneyni-451,1
Basil,1
zeval,1
Edward Huang,1
Joonatan,1
Xudong Zheng,1
flomei,1
Technet,1
BARNI.exe,1
bhanu prasad,1
rabbit3c,1
Danish arora,1
PizzaTheGreat,1
Neeraj TK,1
sapradhan,1
Steve H,1
dankuri,1
Ojas Bhagavath,1
Ajay Vishnu V,1
Shakhzod Bobolov,1
Kristoffer Grönlund,1
DastardlySky,1
Raaed Shaikh,1
Himanshu Balani,1
Sisisit,1
K.B.Dharun Krishna,1
Cucumberrbob,1
hakujitsu,1
Aromia,1
keenemeck,1
Everaldo Júnior,1
Hubertas Vindžigalskis,1
Ranjit Raut,1
Andreas Miller,1
Rachid Ahsoune,1
riso,1
PlumpDolphin,1
orionsource,1
W0LFB0MB,1
JAY TAILOR,1
Remilia Alucard,1
Hinson Chan,1
Johan le stickman,1
alyoro,1
Bastian Kappeler,1
Axel Cuevas,1
joanna,1
Carlos Gabriel,1
Munib Karimi,1
ba1man,1
Orlovchikk,1
kenn,1
net-tech-,1
verdant23,1
TheNatBoi,1
Tor Jacob Neple,1
AlJavhar Boyaliyev,1
Temmie,1
tuzu128,1
Lxran,1
pr,1
Osmiuth,1
Felix,1
Jordan Becker,1
Akhilesh Waghmare,1
bapic,1
miraiHaGakkariShita,1
Saptarshi Ghosh,1
Filipe Lima,1
Paras Arya,1
davidjnovak,1
Xea,1
Michael Bozhilov,1
Kamar,1
Andy Huang,1
GwenXt,1
Kris Bucyk,1
Eduardo Guzman-Diaz,1
Oliver Pearce,1
Josiah Plett,1
tiesrred,1
Nis-chal-Jain,1
Antikore,1
Eran Pinhas,1
Nathan Thomson,1
JabbaTheGibHutt,1
grigoriynikolaev,1
Invades,1
isa-2004,1
Ahmed ElSaeed,1
Christina Hanson,1
Waterdragen,1
Sameer M,1
kjvlbu,1
Eggflaw,1
Francis A,1
JornTumrongwit,1
Ohad Ben Dov,1
Aarnav Suwal,1
Sanchir Enkhbold,1
Johan de Jongh,1
Jeanot Zubler,1
kelvine,1
MordecaiO,1
Mikhail Ivanov,1
Martin Trigaux,1
Owen Jones,1
Paul Ebose,1
mizaagi,1
Ashin Berish,1
aarnav593,1
myakinx,1
Sachin Kumar,1
sithydev :v,1
Derry Tutt,1
Kshitiz Rohilla,1
Tushar Sadhwani,1
SANDHIYA G,1
Tarun,1
Qihan Liu,1
celestars,1
Léo Cazenave,1
ykahveci,1
Kevin Alavik,1
Harsh Natuskar,1
Tanish,1
cute-catgirl,1
K0stov,1
StickminBruv,1
wiichicken,1
Jack Hartwig,1
Iaroslav,1
cobie8708,1
Apostolos Kyratzakos,1
Helder Barboza,1
fitzsim,1
mokshsinghji,1
Zach Brehm,1
zft9xgy,1
Tim Martin,1
Kael,1
Meet Patel,1
MasterRon,1
Alejandro Gutiérrez López,1
Boris Nezlobin,1
Wisam Abbadi,1
Brandon Flores,1
Saccadence,1
farkon00,1
Samuel Breznjak,1
FortPile,1
Mario D'Andrea,1
Leo Wang,1
toma-demagn,1
Ryan Lundqvist,1
diogozarro,1
Dishmemah,1
Julian Barg,1
M4Dd0x is here !,1
Punit Bhesota,1
Nivaldinho-jpg,1
Ruan Buhr,1
alexkar598,1
Absalon43,1
Adam Mehaney,1
Walter White,1
Ale-Flash,1
Oleksii Zaitsev,1
duunr,1
Fynn,1
José Ángel López,1
Dlurak,1
dirk-hub,1
Derrick,1
Ikaro Felix,1
Victor Garcia,1
Anas saifi,1
Gabriel Santana Paredes,1
ProBottler,1
Deveesh Shetty,1
Vitiligo,1
den,1
ambivent,1
Suman Mondal,1
deniscerri,1
Immanuel Hise,1
schuebel,1
Randomkid88,1
Jan Golebiowski,1
yutubpremnjing,1
Guilherme Jun Grillo,1
Aayush Paurana,1
Paul Hoerenz,1
lestherll,1
Raffael Di Pietro,1
James Elson,1
Daniel Sateler,1
Cloyd Van,1
Çağatay Yiğit Şahin,1
Joel Tony,1
karimk123,1
Zach Stence,1
Prasanta Hembram,1
Guillermo R. Roig Carralero,1
Polyhistorian,1
Saieesh Bairam,1
Jan de Mul,1
ashharrrrr,1
AxoCode,1
AOTREVAI,1
typermonkeyuser,1
Faurazeko,1
Victor Kochkarev,1
Oscar Lee-Vermeren,1
Mohanad Alrwaihy,1
Mykhailo Tsiuptsiun (miktwon) [Flag of Ukraine],1
Sohail Akthar,1
Zeal Patel,1
Nikita Romanyuk,1
Colby Chai,1
NaeNate,1
Tommy Liao,1
evestay,1
j4r3kb,1
Gabriel Fleury,1
Ayush,1
FEZfan,1
DenelDuck,1
Young Shung,1
MrEgggga,1
Vusal Ismayilov,1
Badhi,1
beastmatser,1
Sheumais,1
gkaply532,1
chips-wq,1
Gunung P. Wibisono,1
MyBeansAreBaked,1
the-gremlin,1
k4leg,1
Harry Hopkinson,1
Sarmad Hadi,1
Besnik Bleta,1
Justin K,1
Aaryab1,1
AlFas,1
Tobias Kendlbacher,1
Timothy Moores,1
cjjj,1
digi,1
nmcassa,1
Turi Abu,1
jaguar3217,1
Bradley Cookson,1
Outdated,1
ᚷᛁᛟᚱᚷᛁ ᛒᚨᛚᚨᚲᚻᚨᛞᛉᛖ,1
yingzhehe,1
git push origin P,1
Rick Haan,1
Zephyr Jones,1
Ryan Sheppard,1
Ayce,1
DINOTICK,1
fehlercode03,1
CarlFabian,1
Matthew Kwan,1
Dione,1
Mark Stosberg,1
Terminal,1
Daniel Huang,1
RusDoomer,1
aaron adriano,1
Miao4382,1
Peter Gessler,1
Piyush Sahu,1
Bianco Da Costa Oliveira,1
Pratham Purohit,1
Vladislav Dietrich,1
Joonas,1
Ziyodulla Muydinjanov,1
Liewe Gutter,1
Rephael Congmon,1
Tobin Richard,1
tilde-nya,1
Simon Fernandez,1
Shriram Khandbahale,1
DomovoyAlex,1
ccenturionn,1
Veemyu,1
Jonathan Frech,1
Adrian B. Hoffsten,1
Sebastian Michaelsen,1
Night Cat,1
Robert Clover,1
IndigoWilke,1
PeasfulTown,1
Arivappa,1
Julian Marcos,1
Anton Chernenko,1
David Kosorin,1
Dominic Ruggiero,1
mathiasbaech,1
Luke Nguyen Khanh,1
Ryan Bigg,1
Dampfie93,1
QuevDev,1
lelazsq,1
Boris Gubanov,1
Anton Kesy,1
SauceyRed,1
Decipher-CS,1
trevdev,1
Ocean Chen,1
Zarrten,1
dasle52,1
Kendell R,1
Mathéo,1
Kavin Ruengprateepsang,1
PS-PARSA,1
César Cobos,1
Azim Akmatov,1
Mardi N,1
Mrqsyaka,1
Shawn M Moore,1
Balz Guenat,1
Russ,1
Peter Moore,1
Aeonimous,1
Kyro,1
Andie Santos,1
mainos1,1
krau5,1
Jave,1
Giovanni Valer,1
codemurt,1
Swarit Choudhari,1
Varun Tiwari,1
Andrew Chang,1
Scribe of the Ziggurat,1
Trustin,1
Jonathan Völkle,1
Thor,1
Daniel Grothe,1
hossammenem,1
JJ,1
bvoo,1
[Error_27],1
Nat Zimmermann,1
Sokrates,1
Lumid,1
amsuu,1
GiraffeMan,1
Alex Rossell Hayes,1
Guillermo-N,1
George Rodrigues,1
Long Nguyen,1
Micha,1
Martin de Boutray,1
